sample_id,decision_id,expected,severity,peer_evidence,correct,note
GTS19,d1,label=speed_limit_sign x1; speed_value=50,major,"box speed_limit_sign speed_value=50 applies_to_ego=yes panel_type=none needs_review=false [906,408,956,460]",1,"1 box, 50"
GTS19,d2,applies_to_ego=yes,critical,"box speed_limit_sign speed_value=50 applies_to_ego=yes panel_type=none needs_review=false [906,408,956,460]",1,yes
GTS19,d3,"geometry: box ôm viền đỏ biển 50, không ôm tam giác khúc cua phía trên, mỗi cạnh lệch ≤ 3 px",minor,"box speed_limit_sign speed_value=50 applies_to_ego=yes panel_type=none needs_review=false [906,408,956,460]",1,"xem ở 800%: mỗi cạnh lệch khoảng 1–3 px so với viền đỏ, không ôm tam giác"
GTS03,d1,label=speed_limit_sign x1; speed_value=20,major,"box speed_limit_sign speed_value=20 applies_to_ego=no panel_type=direction needs_review=false [1118,474,1145,502]",1,"1 box, 20"
GTS03,d2,applies_to_ego=no,critical,"box speed_limit_sign speed_value=20 applies_to_ego=no panel_type=direction needs_review=false [1118,474,1145,502]",1,no — đọc đúng biển phụ rẽ phải
GTS03,d3,panel_type=direction,major,"box speed_limit_sign speed_value=20 applies_to_ego=no panel_type=direction needs_review=false [1118,474,1145,502]",1,direction
GTS03,d4,"geometry: box chỉ ôm viền đỏ biển 20, không ôm tam giác người đi bộ và biển phụ",minor,"box speed_limit_sign speed_value=20 applies_to_ego=no panel_type=direction needs_review=false [1118,474,1145,502]",1,"xem ở 800%: lệch khoảng 1–2 px, không ôm tam giác và biển phụ"
GTS25,d1,label=speed_limit_sign x1; speed_value=50,major,"box speed_limit_sign speed_value=50 applies_to_ego=yes panel_type=none needs_review=false [784,460,812,486]",1,"1 box, 50"
GTS25,d2,applies_to_ego=unknown; needs_review=true,major,"box speed_limit_sign speed_value=50 applies_to_ego=yes panel_type=none needs_review=false [784,460,812,486]",0,"gán yes, needs_review=false. Guideline gap: v1 xét 'lề phải' (bước 3) trước 'chỗ tách nhánh' (bước 4) nên người vẽ dừng ở yes. Đã sửa ở v2 (đổi thứ tự bước)."
GTS25,d3,panel_type=none,minor,"box speed_limit_sign speed_value=50 applies_to_ego=yes panel_type=none needs_review=false [784,460,812,486]",1,none
GTS08,d1,label=speed_limit_sign x2; speed_value=120 cả hai,critical,"box speed_limit_sign speed_value=120 applies_to_ego=yes panel_type=none needs_review=false [1031,503,1068,543] | box speed_limit_sign speed_value=120 applies_to_ego=yes panel_type=none needs_review=false [231,488,275,532]",1,"2 box, cả hai 120 — không bỏ sót trong ảnh chạng vạng"
GTS08,d2,applies_to_ego=yes cho cả 2 box,critical,"box speed_limit_sign speed_value=120 applies_to_ego=yes panel_type=none needs_review=false [1031,503,1068,543] | box speed_limit_sign speed_value=120 applies_to_ego=yes panel_type=none needs_review=false [231,488,275,532]",1,yes cả hai
GTS14,d1,tag=no_speed_sign; không có box speed_limit_sign,major,tag no_speed_sign,1,"tag no_speed_sign, không box"
